Geo Point	Year	Official Code Country	Official Name Country	Official Code Region	Official Name Region	Official Code County/Unitary district	Official Name County/Unitary district	Official Code Local authority district	Official Name Local authority district	Iso 3166-3 Area Code	Type
52.10370709474445, -2.7451386990548357	2021	E92000001	England	E12000005	West Midlands	E06000019	Herefordshire, County of	E06000019	Herefordshire, County of	GBR	unitary authority
51.785301544977614, -0.8121196436947863	2021	E92000001	England	E12000008	South East	E06000060	Buckinghamshire	E06000060	Buckinghamshire	GBR	unitary authority
53.21580059250418, -1.2772138464062375	2021	E92000001	England	E12000004	East Midlands	E10000007	Derbyshire	E07000033	Bolsover	GBR	non-metropolitan district
50.77619141508168, 0.2662043233994009	2021	E92000001	England	E12000008	South East	E10000011	East Sussex	E07000061	Eastbourne	GBR	non-metropolitan district
51.43144354465477, 0.2531229714301722	2021	E92000001	England	E12000008	South East	E10000016	Kent	E07000107	Dartford	GBR	non-metropolitan district
53.90293765635039, -2.853908699280638	2021	E92000001	England	E12000002	North West	E10000017	Lancashire	E07000128	Wyre	GBR	non-metropolitan district
51.4482470016928, -0.020258909736146274	2021	E92000001	England	E12000007	London	E09000023	Lewisham	E09000023	Lewisham	GBR	London borough
54.701819179029044, -6.19869346768511	2021	N92000002	Northern Ireland	N92000002	Northern Ireland	N09000001	Antrim and Newtownabbey	N09000001	Antrim and Newtownabbey	GBR	local government district
54.369308941994625, -6.457458977582866	2021	N92000002	Northern Ireland	N92000002	Northern Ireland	N09000002	Armagh City, Banbridge and Craigavon	N09000002	Armagh City, Banbridge and Craigavon	GBR	local government district
54.8743883537092, -6.102392005830939	2021	N92000002	Northern Ireland	N92000002	Northern Ireland	N09000008	Mid and East Antrim	N09000008	Mid and East Antrim	GBR	local government district
55.61285532349725, -3.811059493238065	2021	S92000003	Scotland	S92000003	Scotland	S12000029	South Lanarkshire	S12000029	South Lanarkshire	GBR	council area
51.444731216594015, -3.3992564208713065	2021	W92000004	Wales	W92000004	Wales	W06000014	Vale of Glamorgan	W06000014	Vale of Glamorgan	GBR	unitary authority
52.96061293169136, -1.1765118823569949	2021	E92000001	England	E12000004	East Midlands	E06000018	Nottingham	E06000018	Nottingham	GBR	unitary authority
51.35598194676256, -2.475170453604884	2021	E92000001	England	E12000009	South West	E06000022	Bath and North East Somerset	E06000022	Bath and North East Somerset	GBR	unitary authority
50.721647022772686, -3.5102723929505424	2021	E92000001	England	E12000009	South West	E10000008	Devon	E07000041	Exeter	GBR	non-metropolitan district
51.72926666495097, -2.3000691305859515	2021	E92000001	England	E12000009	South West	E10000013	Gloucestershire	E07000082	Stroud	GBR	non-metropolitan district
51.02828626574505, -1.2212360152624693	2021	E92000001	England	E12000008	South East	E10000014	Hampshire	E07000094	Winchester	GBR	non-metropolitan district
51.114367213539154, 0.4308111926259467	2021	E92000001	England	E12000008	South East	E10000016	Kent	E07000116	Tunbridge Wells	GBR	non-metropolitan district
53.39279594403209, -0.4769721008120585	2021	E92000001	England	E12000004	East Midlands	E10000019	Lincolnshire	E07000142	West Lindsey	GBR	non-metropolitan district
53.028406908960925, -1.119378457167378	2021	E92000001	England	E12000004	East Midlands	E10000024	Nottinghamshire	E07000173	Gedling	GBR	non-metropolitan district
52.246874275529734, 1.09254341745216	2021	E92000001	England	E12000006	East of England	E10000029	Suffolk	E07000203	Mid Suffolk	GBR	non-metropolitan district
52.19666069972288, -2.211310992646589	2021	E92000001	England	E12000005	West Midlands	E10000034	Worcestershire	E07000237	Worcester	GBR	non-metropolitan district
53.54434504924247, -1.0957562681489539	2021	E92000001	England	E12000003	Yorkshire and The Humber	E08000017	Doncaster	E08000017	Doncaster	GBR	metropolitan district
53.66068174905456, -1.411870796883938	2021	E92000001	England	E12000003	Yorkshire and The Humber	E08000036	Wakefield	E08000036	Wakefield	GBR	metropolitan district
51.544028667222484, 0.13317809702804326	2021	E92000001	England	E12000007	London	E09000002	Barking and Dagenham	E09000002	Barking and Dagenham	GBR	London borough
55.07059341099399, -3.9569855491371957	2021	S92000003	Scotland	S92000003	Scotland	S12000006	Dumfries and Galloway	S12000006	Dumfries and Galloway	GBR	council area
50.67574423180774, -1.2965723669859808	2021	E92000001	England	E12000008	South East	E06000046	Isle of Wight	E06000046	Isle of Wight	GBR	unitary authority
50.76437483745126, -3.224102561456888	2021	E92000001	England	E12000009	South West	E10000008	Devon	E07000040	East Devon	GBR	non-metropolitan district
50.8762075568807, -3.556182211881977	2021	E92000001	England	E12000009	South West	E10000008	Devon	E07000042	Mid Devon	GBR	non-metropolitan district
51.945621427917644, -2.087284844195546	2021	E92000001	England	E12000009	South West	E10000013	Gloucestershire	E07000083	Tewkesbury	GBR	non-metropolitan district
51.77817020306472, -0.5408595740442906	2021	E92000001	England	E12000006	East of England	E10000015	Hertfordshire	E07000096	Dacorum	GBR	non-metropolitan district
54.06905633101764, -2.7146542431138245	2021	E92000001	England	E12000002	North West	E10000017	Lancashire	E07000121	Lancaster	GBR	non-metropolitan district
53.6095972590519, -2.8825576194433284	2021	E92000001	England	E12000002	North West	E10000017	Lancashire	E07000127	West Lancashire	GBR	non-metropolitan district
51.33920160130895, -0.26151185039536884	2021	E92000001	England	E12000008	South East	E10000030	Surrey	E07000208	Epsom and Ewell	GBR	non-metropolitan district
52.54754532216761, -1.6280212303139698	2021	E92000001	England	E12000005	West Midlands	E10000031	Warwickshire	E07000218	North Warwickshire	GBR	non-metropolitan district
53.56551695755696, -3.0150565998926795	2021	E92000001	England	E12000002	North West	E08000014	Sefton	E08000014	Sefton	GBR	metropolitan district
52.482962269695605, -2.1088148224448573	2021	E92000001	England	E12000005	West Midlands	E08000027	Dudley	E08000027	Dudley	GBR	metropolitan district
54.53482820920505, -5.630271920360701	2021	N92000002	Northern Ireland	N92000002	Northern Ireland	N09000011	Ards and North Down	N09000011	Ards and North Down	GBR	local government district
57.241854238610756, -2.6292050640327655	2021	S92000003	Scotland	S92000003	Scotland	S12000034	Aberdeenshire	S12000034	Aberdeenshire	GBR	council area
51.679766023401655, -3.743430477176872	2021	W92000004	Wales	W92000004	Wales	W06000012	Neath Port Talbot	W06000012	Neath Port Talbot	GBR	unitary authority
51.573730649108626, -2.9615327095480892	2021	W92000004	Wales	W92000004	Wales	W06000022	Newport	W06000022	Newport	GBR	unitary authority
51.44960316542738, -1.3045444937893298	2021	E92000001	England	E12000008	South East	E06000037	West Berkshire	E06000037	West Berkshire	GBR	unitary authority
51.35452786061395, 1.3405892534130686	2021	E92000001	England	E12000008	South East	E10000016	Kent	E07000114	Thanet	GBR	non-metropolitan district
53.78412432672359, -2.92213872797428	2021	E92000001	England	E12000002	North West	E10000017	Lancashire	E07000119	Fylde	GBR	non-metropolitan district
53.90729767672444, -2.444725342341661	2021	E92000001	England	E12000002	North West	E10000017	Lancashire	E07000124	Ribble Valley	GBR	non-metropolitan district
52.587097016424615, -1.0934759490770316	2021	E92000001	England	E12000004	East Midlands	E10000018	Leicestershire	E07000135	Oadby and Wigston	GBR	non-metropolitan district
51.35715655262309, -0.3921100665763242	2021	E92000001	England	E12000008	South East	E10000030	Surrey	E07000207	Elmbridge	GBR	non-metropolitan district
50.84089642053838, -0.5680324518210208	2021	E92000001	England	E12000008	South East	E10000032	West Sussex	E07000224	Arun	GBR	non-metropolitan district
52.27786170031604, 0.6221748870032603	2021	E92000001	England	E12000006	East of England	E10000029	Suffolk	E07000245	West Suffolk	GBR	non-metropolitan district
53.5878354977016, -2.3124849671525087	2021	E92000001	England	E12000002	North West	E08000002	Bury	E08000002	Bury	GBR	metropolitan district
53.6165981850279, -2.1577413626696136	2021	E92000001	England	E12000002	North West	E08000005	Rochdale	E08000005	Rochdale	GBR	metropolitan district
51.35530424179091, -0.08714360841447512	2021	E92000001	England	E12000007	London	E09000008	Croydon	E09000008	Croydon	GBR	London borough
55.650556905823024, -4.979415104676483	2021	S92000003	Scotland	S92000003	Scotland	S12000021	North Ayrshire	S12000021	North Ayrshire	GBR	council area
55.26879090915405, -4.688566773396545	2021	S92000003	Scotland	S92000003	Scotland	S12000028	South Ayrshire	S12000028	South Ayrshire	GBR	council area
53.34374862540212, -2.7188170048336495	2021	E92000001	England	E12000002	North West	E06000006	Halton	E06000006	Halton	GBR	unitary authority
51.50837848899171, -0.586150632245208	2021	E92000001	England	E12000008	South East	E06000039	Slough	E06000039	Slough	GBR	unitary authority
52.08387027255824, -0.73347435234098	2021	E92000001	England	E12000008	South East	E06000042	Milton Keynes	E06000042	Milton Keynes	GBR	unitary authority
54.695433037085735, -1.8395419564378495	2021	E92000001	England	E12000001	North East	E06000047	County Durham	E06000047	County Durham	GBR	unitary authority
54.12660864706812, -3.2122176685447696	2021	E92000001	England	E12000002	North West	E10000006	Cumbria	E07000027	Barrow-in-Furness	GBR	non-metropolitan district
52.935483106170565, -1.3466068217610732	2021	E92000001	England	E12000004	East Midlands	E10000007	Derbyshire	E07000036	Erewash	GBR	non-metropolitan district
51.27347275648013, -0.7674899604491223	2021	E92000001	England	E12000008	South East	E10000014	Hampshire	E07000092	Rushmoor	GBR	non-metropolitan district
52.53934757725983, -1.0078471862706135	2021	E92000001	England	E12000004	East Midlands	E10000018	Leicestershire	E07000131	Harborough	GBR	non-metropolitan district
52.97659208729254, -1.2622056533243096	2021	E92000001	England	E12000004	East Midlands	E10000024	Nottinghamshire	E07000172	Broxtowe	GBR	non-metropolitan district
55.48533189125902, -4.31433060470315	2021	S92000003	Scotland	S92000003	Scotland	S12000008	East Ayrshire	S12000008	East Ayrshire	GBR	council area
57.15575161534623, -2.1736298991261247	2021	S92000003	Scotland	S92000003	Scotland	S12000033	Aberdeen City	S12000033	Aberdeen City	GBR	council area
53.14041308429386, -3.7357891413375075	2021	W92000004	Wales	W92000004	Wales	W06000003	Conwy	W06000003	Conwy	GBR	unitary authority
51.50600078692104, 0.3732469352785684	2021	E92000001	England	E12000006	East of England	E06000034	Thurrock	E06000034	Thurrock	GBR	unitary authority
50.84349661937177, -0.1331416467806025	2021	E92000001	England	E12000008	South East	E06000043	Brighton and Hove	E06000043	Brighton and Hove	GBR	unitary authority
51.89698565144029, -2.0739386288021087	2021	E92000001	England	E12000009	South West	E10000013	Gloucestershire	E07000078	Cheltenham	GBR	non-metropolitan district
51.27553273704155, 0.17206585396857912	2021	E92000001	England	E12000008	South East	E10000016	Kent	E07000111	Sevenoaks	GBR	non-metropolitan district
52.73702278371897, -1.1462744631003403	2021	E92000001	England	E12000004	East Midlands	E10000018	Leicestershire	E07000130	Charnwood	GBR	non-metropolitan district
52.797589014700435, -0.03221337248925444	2021	E92000001	England	E12000004	East Midlands	E10000019	Lincolnshire	E07000140	South Holland	GBR	non-metropolitan district
52.51456297545231, 1.275962641448897	2021	E92000001	England	E12000006	East of England	E10000020	Norfolk	E07000149	South Norfolk	GBR	non-metropolitan district
53.12400530531922, -0.9198106806122133	2021	E92000001	England	E12000004	East Midlands	E10000024	Nottinghamshire	E07000175	Newark and Sherwood	GBR	non-metropolitan district
51.83768507066281, -1.5068698202498825	2021	E92000001	England	E12000008	South East	E10000025	Oxfordshire	E07000181	West Oxfordshire	GBR	non-metropolitan district
51.25324939639613, -0.1919155804685074	2021	E92000001	England	E12000008	South East	E10000030	Surrey	E07000211	Reigate and Banstead	GBR	non-metropolitan district
51.90428452794878, -0.1893234544012441	2021	E92000001	England	E12000006	East of England	E10000015	Hertfordshire	E07000243	Stevenage	GBR	non-metropolitan district
52.237391546165554, 1.462072919207678	2021	E92000001	England	E12000006	East of England	E10000029	Suffolk	E07000244	East Suffolk	GBR	non-metropolitan district
53.52413970907261, -2.589472008635503	2021	E92000001	England	E12000002	North West	E08000010	Wigan	E08000010	Wigan	GBR	metropolitan district
53.72116101933959, -1.9734116278781815	2021	E92000001	England	E12000003	Yorkshire and The Humber	E08000033	Calderdale	E08000033	Calderdale	GBR	metropolitan district
51.453897040258674, -0.11828398324870124	2021	E92000001	England	E12000007	London	E09000022	Lambeth	E09000022	Lambeth	GBR	London borough
51.594069658914556, -0.012591297699417652	2021	E92000001	England	E12000007	London	E09000031	Waltham Forest	E09000031	Waltham Forest	GBR	London borough
51.513487747559836, -0.160494914187318	2021	E92000001	England	E12000007	London	E09000033	Westminster	E09000033	Westminster	GBR	London borough
53.217928492003644, -3.1633747962004075	2021	W92000004	Wales	W92000004	Wales	W06000005	Flintshire	W06000005	Flintshire	GBR	unitary authority
52.99031335997428, -3.0176206872048414	2021	W92000004	Wales	W92000004	Wales	W06000006	Wrexham	W06000006	Wrexham	GBR	unitary authority
51.571553147913896, -1.7437793094519551	2021	E92000001	England	E12000009	South West	E06000030	Swindon	E06000030	Swindon	GBR	unitary authority
50.80632818504818, -2.3334149269463484	2021	E92000001	England	E12000009	South West	E06000059	Dorset	E06000059	Dorset	GBR	unitary authority
52.425598784099556, -0.6259184743621188	2021	E92000001	England	E12000004	East Midlands	E06000061	North Northamptonshire	E06000061	North Northamptonshire	GBR	unitary authority
51.76835068985118, 0.10865601516954482	2021	E92000001	England	E12000006	East of England	E10000012	Essex	E07000073	Harlow	GBR	non-metropolitan district
51.28331641599115, 1.1018124328812504	2021	E92000001	England	E12000008	South East	E10000016	Kent	E07000106	Canterbury	GBR	non-metropolitan district
51.235012970642494, 0.5806014418123471	2021	E92000001	England	E12000008	South East	E10000016	Kent	E07000110	Maidstone	GBR	non-metropolitan district
53.728137663454156, -2.7101847061420217	2021	E92000001	England	E12000002	North West	E10000017	Lancashire	E07000126	South Ribble	GBR	non-metropolitan district
52.626404438259804, -1.6777751233083915	2021	E92000001	England	E12000005	West Midlands	E10000028	Staffordshire	E07000199	Tamworth	GBR	non-metropolitan district
52.31004241245816, -1.5846863206757105	2021	E92000001	England	E12000005	West Midlands	E10000031	Warwickshire	E07000222	Warwick	GBR	non-metropolitan district
51.44275908451808, -0.3122415298509574	2021	E92000001	England	E12000007	London	E09000027	Richmond upon Thames	E09000027	Richmond upon Thames	GBR	London borough
51.45198168377751, -0.1861996409819761	2021	E92000001	England	E12000007	London	E09000032	Wandsworth	E09000032	Wandsworth	GBR	London borough
54.62191213285385, -6.791921780159401	2021	N92000002	Northern Ireland	N92000002	Northern Ireland	N09000009	Mid Ulster	N09000009	Mid Ulster	GBR	local government district
55.9418545179128, -2.7205624055097735	2021	S92000003	Scotland	S92000003	Scotland	S12000010	East Lothian	S12000010	East Lothian	GBR	council area
55.832234156803636, -3.110405567892707	2021	S92000003	Scotland	S92000003	Scotland	S12000019	Midlothian	S12000019	Midlothian	GBR	council area
51.64158620617593, -4.061047110833659	2021	W92000004	Wales	W92000004	Wales	W06000011	Swansea	W06000011	Swansea	GBR	unitary authority
51.75796320175526, -2.86760613846811	2021	W92000004	Wales	W92000004	Wales	W06000021	Monmouthshire	W06000021	Monmouthshire	GBR	unitary authority
52.608541046776345, -0.25313095733625035	2021	E92000001	England	E12000006	East of England	E06000031	Peterborough	E06000031	Peterborough	GBR	unitary authority
52.22302782330107, -1.03613585723576	2021	E92000001	England	E12000004	East Midlands	E06000062	West Northamptonshire	E06000062	West Northamptonshire	GBR	unitary authority
54.97100601827856, -2.8091688900706875	2021	E92000001	England	E12000002	North West	E10000006	Cumbria	E07000028	Carlisle	GBR	non-metropolitan district
53.69380623117507, -2.2673252775347765	2021	E92000001	England	E12000002	North West	E10000017	Lancashire	E07000125	Rossendale	GBR	non-metropolitan district
54.36151541852385, -1.93404076139334	2021	E92000001	England	E12000003	Yorkshire and The Humber	E10000023	North Yorkshire	E07000166	Richmondshire	GBR	non-metropolitan district
52.86338544887444, -1.8123084473712696	2021	E92000001	England	E12000005	West Midlands	E10000028	Staffordshire	E07000193	East Staffordshire	GBR	non-metropolitan district
52.99315338546829, -2.3187853091580837	2021	E92000001	England	E12000005	West Midlands	E10000028	Staffordshire	E07000195	Newcastle-under-Lyme	GBR	non-metropolitan district
52.05060643106458, 0.9150538034707943	2021	E92000001	England	E12000006	East of England	E10000029	Suffolk	E07000200	Babergh	GBR	non-metropolitan district
51.393808471050136, -0.5412729923864772	2021	E92000001	England	E12000008	South East	E10000030	Surrey	E07000212	Runnymede	GBR	non-metropolitan district
51.08680549686901, -3.362905834478472	2021	E92000001	England	E12000009	South West	E10000027	Somerset	E07000246	Somerset West and Taunton	GBR	non-metropolitan district
53.408717153005824, -1.286331375579543	2021	E92000001	England	E12000003	Yorkshire and The Humber	E08000018	Rotherham	E08000018	Rotherham	GBR	metropolitan district
52.41310329578578, -1.7270241335464653	2021	E92000001	England	E12000005	West Midlands	E08000029	Solihull	E08000029	Solihull	GBR	metropolitan district
54.66901707186169, -1.2556457532116518	2021	E92000001	England	E12000001	North East	E06000001	Hartlepool	E06000001	Hartlepool	GBR	unitary authority
53.81768097507818, -3.035546230140551	2021	E92000001	England	E12000002	North West	E06000009	Blackpool	E06000009	Blackpool	GBR	unitary authority
53.59428607977228, -0.5922677078364543	2021	E92000001	England	E12000003	Yorkshire and The Humber	E06000013	North Lincolnshire	E06000013	North Lincolnshire	GBR	unitary authority
52.912585581453534, -1.4683427567722176	2021	E92000001	England	E12000004	East Midlands	E06000015	Derby	E06000015	Derby	GBR	unitary authority
52.63538735153623, -2.7341521074435593	2021	E92000001	England	E12000005	West Midlands	E06000051	Shropshire	E06000051	Shropshire	GBR	unitary authority
51.12862985536049, -1.510643184725362	2021	E92000001	England	E12000008	South East	E10000014	Hampshire	E07000093	Test Valley	GBR	non-metropolitan district
51.72512279044004, -0.047403722965221065	2021	E92000001	England	E12000006	East of England	E10000015	Hertfordshire	E07000095	Broxbourne	GBR	non-metropolitan district
52.631871914395724, 1.282654061061429	2021	E92000001	England	E12000006	East of England	E10000020	Norfolk	E07000148	Norwich	GBR	non-metropolitan district
51.212324018839574, -0.3251477032698976	2021	E92000001	England	E12000008	South East	E10000030	Surrey	E07000210	Mole Valley	GBR	non-metropolitan district
51.31388159023176, -0.5607773341033592	2021	E92000001	England	E12000008	South East	E10000030	Surrey	E07000217	Woking	GBR	non-metropolitan district
50.93751778041513, -0.7420824909453514	2021	E92000001	England	E12000008	South East	E10000032	West Sussex	E07000225	Chichester	GBR	non-metropolitan district
53.5358305429669, -1.5326026769354435	2021	E92000001	England	E12000003	Yorkshire and The Humber	E08000016	Barnsley	E08000016	Barnsley	GBR	metropolitan district
51.38795394291819, -0.28689545632210905	2021	E92000001	England	E12000007	London	E09000021	Kingston upon Thames	E09000021	Kingston upon Thames	GBR	London borough
51.47425658772998, -0.07400651621027021	2021	E92000001	England	E12000007	London	E09000028	Southwark	E09000028	Southwark	GBR	London borough
54.44264397382185, -7.503828086975557	2021	N92000002	Northern Ireland	N92000002	Northern Ireland	N09000006	Fermanagh and Omagh	N09000006	Fermanagh and Omagh	GBR	local government district
54.236282817920824, -6.067814762705376	2021	N92000002	Northern Ireland	N92000002	Northern Ireland	N09000010	Newry, Mourne and Down	N09000010	Newry, Mourne and Down	GBR	local government district
56.47711109055847, -2.9696929770643994	2021	S92000003	Scotland	S92000003	Scotland	S12000042	Dundee City	S12000042	Dundee City	GBR	council area
51.537950244430256, 0.7286710909353883	2021	E92000001	England	E12000006	East of England	E06000033	Southend-on-Sea	E06000033	Southend-on-Sea	GBR	unitary authority
53.37307746467391, -1.8738984089449255	2021	E92000001	England	E12000004	East Midlands	E10000007	Derbyshire	E07000037	High Peak	GBR	non-metropolitan district
52.753146008873856, -1.4051109827957748	2021	E92000001	England	E12000004	East Midlands	E10000018	Leicestershire	E07000134	North West Leicestershire	GBR	non-metropolitan district
53.08118709812148, -0.446153875449201	2021	E92000001	England	E12000004	East Midlands	E10000019	Lincolnshire	E07000139	North Kesteven	GBR	non-metropolitan district
53.09230215887978, -1.2591863013679518	2021	E92000001	England	E12000004	East Midlands	E10000024	Nottinghamshire	E07000170	Ashfield	GBR	non-metropolitan district
50.988085538812655, -2.7096007867294816	2021	E92000001	England	E12000009	South West	E10000027	Somerset	E07000189	South Somerset	GBR	non-metropolitan district
51.24777812535961, -0.5617037943877426	2021	E92000001	England	E12000008	South East	E10000030	Surrey	E07000209	Guildford	GBR	non-metropolitan district
52.182934548841544, -2.3450262161350826	2021	E92000001	England	E12000005	West Midlands	E10000034	Worcestershire	E07000235	Malvern Hills	GBR	non-metropolitan district
53.36834446326114, -3.0926856938664002	2021	E92000001	England	E12000002	North West	E08000015	Wirral	E08000015	Wirral	GBR	metropolitan district
51.616030175925324, -0.2099650749699528	2021	E92000001	England	E12000007	London	E09000003	Barnet	E09000003	Barnet	GBR	London borough
51.37205496407818, 0.05148159972290127	2021	E92000001	England	E12000007	London	E09000006	Bromley	E09000006	Bromley	GBR	London borough
51.409979991747804, -0.19727763298769455	2021	E92000001	England	E12000007	London	E09000024	Merton	E09000024	Merton	GBR	London borough
57.47594574121937, -3.2673506586784113	2021	S92000003	Scotland	S92000003	Scotland	S12000020	Moray	S12000020	Moray	GBR	council area
53.09209049895027, -3.354216568060627	2021	W92000004	Wales	W92000004	Wales	W06000004	Denbighshire	W06000004	Denbighshire	GBR	unitary authority
51.2976136465867, -1.9446941312450636	2021	E92000001	England	E12000009	South West	E06000054	Wiltshire	E06000054	Wiltshire	GBR	unitary authority
51.828594464690426, -2.4896923098140205	2021	E92000001	England	E12000009	South West	E10000013	Gloucestershire	E07000080	Forest of Dean	GBR	non-metropolitan district
51.125289388847136, 0.8114059308909397	2021	E92000001	England	E12000008	South East	E10000016	Kent	E07000105	Ashford	GBR	non-metropolitan district
52.79648885026048, -0.8561760457438818	2021	E92000001	England	E12000004	East Midlands	E10000018	Leicestershire	E07000133	Melton	GBR	non-metropolitan district
51.633891619680355, -1.0715008222800453	2021	E92000001	England	E12000008	South East	E10000025	Oxfordshire	E07000179	South Oxfordshire	GBR	non-metropolitan district
51.184559408647935, -2.9526597707364157	2021	E92000001	England	E12000009	South West	E10000027	Somerset	E07000188	Sedgemoor	GBR	non-metropolitan district
53.39394254797337, -2.128092838513717	2021	E92000001	England	E12000002	North West	E08000007	Stockport	E08000007	Stockport	GBR	metropolitan district
53.42522066779052, -2.8341038838028805	2021	E92000001	England	E12000002	North West	E08000011	Knowsley	E08000011	Knowsley	GBR	metropolitan district
51.50120109669606, -0.19235224368543993	2021	E92000001	England	E12000007	London	E09000020	Kensington and Chelsea	E09000020	Kensington and Chelsea	GBR	London borough
51.58563010284178, 0.07593647987734038	2021	E92000001	England	E12000007	London	E09000026	Redbridge	E09000026	Redbridge	GBR	London borough
56.724172702938475, -2.9177402935644494	2021	S92000003	Scotland	S92000003	Scotland	S12000041	Angus	S12000041	Angus	GBR	council area
56.22901550935937, -3.123875819817526	2021	S92000003	Scotland	S92000003	Scotland	S12000047	Fife	S12000047	Fife	GBR	council area
51.45263879578141, -2.7706618997331054	2021	E92000001	England	E12000009	South West	E06000023	Bristol, City of	E06000023	Bristol, City of	GBR	unitary authority
50.91695748209908, -1.398746726029896	2021	E92000001	England	E12000008	South East	E06000045	Southampton	E06000045	Southampton	GBR	unitary authority
50.74698171907699, -1.8832224189285385	2021	E92000001	England	E12000009	South West	E06000058	Bournemouth, Christchurch and Poole	E06000058	Bournemouth, Christchurch and Poole	GBR	unitary authority
52.56294310953977, 0.06080085494906454	2021	E92000001	England	E12000006	East of England	E10000003	Cambridgeshire	E07000010	Fenland	GBR	non-metropolitan district
52.373743879579294, -0.22080446220762018	2021	E92000001	England	E12000006	East of England	E10000003	Cambridgeshire	E07000011	Huntingdonshire	GBR	non-metropolitan district
51.677238307671004, -0.28108644504127867	2021	E92000001	England	E12000006	East of England	E10000015	Hertfordshire	E07000098	Hertsmere	GBR	non-metropolitan district
52.90086606806238, -1.0375650271654897	2021	E92000001	England	E12000004	East Midlands	E10000024	Nottinghamshire	E07000176	Rushcliffe	GBR	non-metropolitan district
51.22705214676714, -0.0434059980207061	2021	E92000001	England	E12000008	South East	E10000030	Surrey	E07000215	Tandridge	GBR	non-metropolitan district
54.508345962661735, -6.053482652290303	2021	N92000002	Northern Ireland	N92000002	Northern Ireland	N09000007	Lisburn and Castlereagh	N09000007	Lisburn and Castlereagh	GBR	local government district
51.76674119296453, -3.193829568996097	2021	W92000004	Wales	W92000004	Wales	W06000019	Blaenau Gwent	W06000019	Blaenau Gwent	GBR	unitary authority
53.75991752935289, -0.33540708354354576	2021	E92000001	England	E12000003	Yorkshire and The Humber	E06000010	Kingston upon Hull, City of	E06000010	Kingston upon Hull, City of	GBR	unitary authority
51.38918083611667, -2.800712002857697	2021	E92000001	England	E12000009	South West	E06000024	North Somerset	E06000024	North Somerset	GBR	unitary authority
50.95165129399799, 0.5388204894958903	2021	E92000001	England	E12000008	South East	E10000011	East Sussex	E07000064	Rother	GBR	non-metropolitan district
52.9741657004747, -0.022265230408279307	2021	E92000001	England	E12000004	East Midlands	E10000019	Lincolnshire	E07000136	Boston	GBR	non-metropolitan district
53.4514585706613, -2.2325388107601225	2021	E92000001	England	E12000002	North West	E08000003	Manchester	E08000003	Manchester	GBR	metropolitan district
51.49510130600678, -0.22092009642727367	2021	E92000001	England	E12000007	London	E09000013	Hammersmith and Fulham	E09000013	Hammersmith and Fulham	GBR	London borough
51.42569608623497, 0.5695116724469033	2021	E92000001	England	E12000008	South East	E06000035	Medway	E06000035	Medway	GBR	unitary authority
54.61292501544315, -2.622116152132685	2021	E92000001	England	E12000002	North West	E10000006	Cumbria	E07000030	Eden	GBR	non-metropolitan district
51.849284949541854, -2.2403590772950355	2021	E92000001	England	E12000009	South West	E10000013	Gloucestershire	E07000081	Gloucester	GBR	non-metropolitan district
51.28486700813763, -0.8974567250054741	2021	E92000001	England	E12000008	South East	E10000014	Hampshire	E07000089	Hart	GBR	non-metropolitan district
54.06713686128804, -1.5958145566254096	2021	E92000001	England	E12000003	Yorkshire and The Humber	E10000023	North Yorkshire	E07000165	Harrogate	GBR	non-metropolitan district
52.488576119933015, -1.8747395938175093	2021	E92000001	England	E12000005	West Midlands	E08000025	Birmingham	E08000025	Birmingham	GBR	metropolitan district
56.15050205868284, -3.742178336283854	2021	S92000003	Scotland	S92000003	Scotland	S12000005	Clackmannanshire	S12000005	Clackmannanshire	GBR	council area
57.911808933295426, -6.867032618564955	2021	S92000003	Scotland	S92000003	Scotland	S12000013	Na h-Eileanan Siar	S12000013	Na h-Eileanan Siar	GBR	council area
55.9973148964862, -3.79056917060353	2021	S92000003	Scotland	S92000003	Scotland	S12000014	Falkirk	S12000014	Falkirk	GBR	council area
56.24429847897851, -4.341000796608226	2021	S92000003	Scotland	S92000003	Scotland	S12000030	Stirling	S12000030	Stirling	GBR	council area
55.926485382753754, -3.2883819203810063	2021	S92000003	Scotland	S92000003	Scotland	S12000036	City of Edinburgh	S12000036	City of Edinburgh	GBR	council area
55.984909161031815, -4.5177358982163165	2021	S92000003	Scotland	S92000003	Scotland	S12000039	West Dunbartonshire	S12000039	West Dunbartonshire	GBR	council area
53.95875353628816, -1.0614160799485586	2021	E92000001	England	E12000003	Yorkshire and The Humber	E06000014	York	E06000014	York	GBR	unitary authority
52.34302207879644, 0.2946030150996914	2021	E92000001	England	E12000006	East of England	E10000003	Cambridgeshire	E07000009	East Cambridgeshire	GBR	non-metropolitan district
51.816657646650384, -1.8924668306833112	2021	E92000001	England	E12000009	South West	E10000013	Gloucestershire	E07000079	Cotswold	GBR	non-metropolitan district
51.95913456394277, -0.1924573835543136	2021	E92000001	England	E12000006	East of England	E10000015	Hertfordshire	E07000099	North Hertfordshire	GBR	non-metropolitan district
51.66809225337403, -0.40335152043727923	2021	E92000001	England	E12000006	East of England	E10000015	Hertfordshire	E07000103	Watford	GBR	non-metropolitan district
53.33284320451029, -0.9589000808573318	2021	E92000001	England	E12000004	East Midlands	E10000024	Nottinghamshire	E07000171	Bassetlaw	GBR	non-metropolitan district
51.75457571517065, -1.240986990368608	2021	E92000001	England	E12000008	South East	E10000025	Oxfordshire	E07000178	Oxford	GBR	non-metropolitan district
52.0558200466591, 1.1598731094190597	2021	E92000001	England	E12000006	East of England	E10000029	Suffolk	E07000202	Ipswich	GBR	non-metropolitan district
51.342945195382235, -0.6705113089002669	2021	E92000001	England	E12000008	South East	E10000030	Surrey	E07000214	Surrey Heath	GBR	non-metropolitan district
50.99388788774761, -0.3662652519525404	2021	E92000001	England	E12000008	South East	E10000032	West Sussex	E07000227	Horsham	GBR	non-metropolitan district
51.56308918698813, 0.22043087442548642	2021	E92000001	England	E12000007	London	E09000016	Havering	E09000016	Havering	GBR	London borough
55.75315425813306, -4.359554803217382	2021	S92000003	Scotland	S92000003	Scotland	S12000011	East Renfrewshire	S12000011	East Renfrewshire	GBR	council area
53.28595875665823, -4.374552671462751	2021	W92000004	Wales	W92000004	Wales	W06000001	Isle of Anglesey	W06000001	Isle of Anglesey	GBR	unitary authority
51.05397560527971, 0.9943953601093942	2021	E92000001	England	E12000008	South East	E10000016	Kent	E07000112	Folkestone and Hythe	GBR	non-metropolitan district
51.341664985502334, 0.8131491965885976	2021	E92000001	England	E12000008	South East	E10000016	Kent	E07000113	Swale	GBR	non-metropolitan district
54.21057441029905, -0.8522623778902418	2021	E92000001	England	E12000003	Yorkshire and The Humber	E10000023	North Yorkshire	E07000167	Ryedale	GBR	non-metropolitan district
52.71236523860786, -1.9802729696437011	2021	E92000001	England	E12000005	West Midlands	E10000028	Staffordshire	E07000192	Cannock Chase	GBR	non-metropolitan district
51.12550407638214, -0.18193761406318473	2021	E92000001	England	E12000008	South East	E10000032	West Sussex	E07000226	Crawley	GBR	non-metropolitan district
52.37956671198867, -2.274656466639167	2021	E92000001	England	E12000005	West Midlands	E10000034	Worcestershire	E07000239	Wyre Forest	GBR	non-metropolitan district
53.41901317184233, -2.355338406455587	2021	E92000001	England	E12000002	North West	E08000009	Trafford	E08000009	Trafford	GBR	metropolitan district
52.416891975554314, -1.5198397137630832	2021	E92000001	England	E12000005	West Midlands	E08000026	Coventry	E08000026	Coventry	GBR	metropolitan district
53.627367559802934, -1.7631930468204824	2021	E92000001	England	E12000003	Yorkshire and The Humber	E08000034	Kirklees	E08000034	Kirklees	GBR	metropolitan district
55.874838373276866, -3.9485921014427694	2021	S92000003	Scotland	S92000003	Scotland	S12000050	North Lanarkshire	S12000050	North Lanarkshire	GBR	council area
52.89487721099552, -4.024740362032326	2021	W92000004	Wales	W92000004	Wales	W06000002	Gwynedd	W06000002	Gwynedd	GBR	unitary authority
51.85384620376163, -4.887010868625996	2021	W92000004	Wales	W92000004	Wales	W06000009	Pembrokeshire	W06000009	Pembrokeshire	GBR	unitary authority
53.54400133675527, -0.13346000107780817	2021	E92000001	England	E12000003	Yorkshire and The Humber	E06000012	North East Lincolnshire	E06000012	North East Lincolnshire	GBR	unitary authority
51.546913736160114, -2.4707190191717947	2021	E92000001	England	E12000009	South West	E06000025	South Gloucestershire	E06000025	South Gloucestershire	GBR	unitary authority
51.48565828944903, -0.699581402439508	2021	E92000001	England	E12000008	South East	E06000040	Windsor and Maidenhead	E06000040	Windsor and Maidenhead	GBR	unitary authority
52.831012725376425, -1.5594917736920422	2021	E92000001	England	E12000004	East Midlands	E10000007	Derbyshire	E07000039	South Derbyshire	GBR	non-metropolitan district
52.17879696908668, -1.6229623311283792	2021	E92000001	England	E12000005	West Midlands	E10000031	Warwickshire	E07000221	Stratford-on-Avon	GBR	non-metropolitan district
51.52245775214534, -0.33098712561978205	2021	E92000001	England	E12000007	London	E09000009	Ealing	E09000009	Ealing	GBR	London borough
51.54152553739432, -0.44566501930854824	2021	E92000001	England	E12000007	London	E09000017	Hillingdon	E09000017	Hillingdon	GBR	London borough
54.54251902031788, -1.22244009763073	2021	E92000001	England	E12000001	North East	E06000002	Middlesbrough	E06000002	Middlesbrough	GBR	unitary authority
53.018136099111615, -2.164681016210703	2021	E92000001	England	E12000005	West Midlands	E06000021	Stoke-on-Trent	E06000021	Stoke-on-Trent	GBR	unitary authority
51.894224328849624, -0.4255226753897321	2021	E92000001	England	E12000006	East of England	E06000032	Luton	E06000032	Luton	GBR	unitary authority
51.40813130971199, -0.7397248941319103	2021	E92000001	England	E12000008	South East	E06000036	Bracknell Forest	E06000036	Bracknell Forest	GBR	unitary authority
49.937053551930866, -6.315686668801229	2021	E92000001	England	E12000009	South West	E06000053	Isles of Scilly	E06000053	Isles of Scilly	GBR	unitary authority
53.02922860001734, -1.4666926563916693	2021	E92000001	England	E12000004	East Midlands	E10000007	Derbyshire	E07000032	Amber Valley	GBR	non-metropolitan district
53.256213425799245, -1.401318700662541	2021	E92000001	England	E12000004	East Midlands	E10000007	Derbyshire	E07000034	Chesterfield	GBR	non-metropolitan district
53.128482293573754, -1.6936520417284608	2021	E92000001	England	E12000004	East Midlands	E10000007	Derbyshire	E07000035	Derbyshire Dales	GBR	non-metropolitan district
51.708884960679114, 0.14874309503945587	2021	E92000001	England	E12000006	East of England	E10000012	Essex	E07000072	Epping Forest	GBR	non-metropolitan district
50.932996559841094, -1.3272331859078341	2021	E92000001	England	E12000008	South East	E10000014	Hampshire	E07000086	Eastleigh	GBR	non-metropolitan district
52.61648970016024, -1.3910184584994687	2021	E92000001	England	E12000004	East Midlands	E10000018	Leicestershire	E07000132	Hinckley and Bosworth	GBR	non-metropolitan district
52.85034916514539, 1.1693218145022903	2021	E92000001	England	E12000006	East of England	E10000020	Norfolk	E07000147	North Norfolk	GBR	non-metropolitan district
52.6255286944871, -2.176679116725369	2021	E92000001	England	E12000005	West Midlands	E10000028	Staffordshire	E07000196	South Staffordshire	GBR	non-metropolitan district
53.40442469533816, -1.5504458050940189	2021	E92000001	England	E12000003	Yorkshire and The Humber	E08000019	Sheffield	E08000019	Sheffield	GBR	metropolitan district
55.90440735373178, -4.7427989389798455	2021	S92000003	Scotland	S92000003	Scotland	S12000018	Inverclyde	S12000018	Inverclyde	GBR	council area
54.55357945221376, -1.0217224268110419	2021	E92000001	England	E12000001	North East	E06000003	Redcar and Cleveland	E06000003	Redcar and Cleveland	GBR	unitary authority
53.20020660380308, -2.7357713720636183	2021	E92000001	England	E12000002	North West	E06000050	Cheshire West and Chester	E06000050	Cheshire West and Chester	GBR	unitary authority
50.805240052982136, -1.159394955944891	2021	E92000001	England	E12000008	South East	E10000014	Hampshire	E07000088	Gosport	GBR	non-metropolitan district
51.95891977266346, -1.2758295380986147	2021	E92000001	England	E12000008	South East	E10000025	Oxfordshire	E07000177	Cherwell	GBR	non-metropolitan district
51.20286733583894, -2.5445218083053467	2021	E92000001	England	E12000009	South West	E10000027	Somerset	E07000187	Mendip	GBR	non-metropolitan district
52.688177813825284, -1.80497247524701	2021	E92000001	England	E12000005	West Midlands	E10000028	Staffordshire	E07000194	Lichfield	GBR	non-metropolitan district
52.38443887938297, -1.3283498303353953	2021	E92000001	England	E12000005	West Midlands	E10000031	Warwickshire	E07000220	Rugby	GBR	non-metropolitan district
51.766991891103, -0.19412060778413798	2021	E92000001	England	E12000006	East of England	E10000015	Hertfordshire	E07000241	Welwyn Hatfield	GBR	non-metropolitan district
54.96350315243315, -1.4440958909533879	2021	E92000001	England	E12000001	North East	E08000023	South Tyneside	E08000023	South Tyneside	GBR	metropolitan district
52.51539593421281, -2.008975392267318	2021	E92000001	England	E12000005	West Midlands	E08000028	Sandwell	E08000028	Sandwell	GBR	metropolitan district
54.59638557201249, -5.943889649998821	2021	N92000002	Northern Ireland	N92000002	Northern Ireland	N09000003	Belfast	N09000003	Belfast	GBR	local government district
56.12350183428928, -5.501105798821039	2021	S92000003	Scotland	S92000003	Scotland	S12000035	Argyll and Bute	S12000035	Argyll and Bute	GBR	council area
55.956044760593066, -4.225542342543235	2021	S92000003	Scotland	S92000003	Scotland	S12000045	East Dunbartonshire	S12000045	East Dunbartonshire	GBR	council area
51.65047387686501, -3.4357112579632805	2021	W92000004	Wales	W92000004	Wales	W06000016	Rhondda Cynon Taf	W06000016	Rhondda Cynon Taf	GBR	unitary authority
52.325641130906476, -3.4097511338044533	2021	W92000004	Wales	W92000004	Wales	W06000023	Powys	W06000023	Powys	GBR	unitary authority
51.42944478321822, -0.8838127738726081	2021	E92000001	England	E12000008	South East	E06000041	Wokingham	E06000041	Wokingham	GBR	unitary authority
55.242573539958535, -2.0654218489737377	2021	E92000001	England	E12000001	North East	E06000057	Northumberland	E06000057	Northumberland	GBR	unitary authority
52.19937676999134, 0.13286970182665106	2021	E92000001	England	E12000006	East of England	E10000003	Cambridgeshire	E07000008	Cambridge	GBR	non-metropolitan district
50.887473779049415, -4.250751277033798	2021	E92000001	England	E12000009	South West	E10000008	Devon	E07000046	Torridge	GBR	non-metropolitan district
50.656263714300465, -4.046115012334944	2021	E92000001	England	E12000009	South West	E10000008	Devon	E07000047	West Devon	GBR	non-metropolitan district
51.63863198326801, 0.31074745511723795	2021	E92000001	England	E12000006	East of England	E10000012	Essex	E07000068	Brentwood	GBR	non-metropolitan district
53.77889395704227, -2.221886954048079	2021	E92000001	England	E12000002	North West	E10000017	Lancashire	E07000117	Burnley	GBR	non-metropolitan district
52.854455924769525, -0.5182829344531785	2021	E92000001	England	E12000004	East Midlands	E10000019	Lincolnshire	E07000141	South Kesteven	GBR	non-metropolitan district
53.17073519830635, -1.1728232030723704	2021	E92000001	England	E12000004	East Midlands	E10000024	Nottinghamshire	E07000174	Mansfield	GBR	non-metropolitan district
52.28223238641836, -1.9518604256597012	2021	E92000001	England	E12000005	West Midlands	E10000034	Worcestershire	E07000236	Redditch	GBR	non-metropolitan district
52.58921863615471, -2.120968538655689	2021	E92000001	England	E12000005	West Midlands	E08000031	Wolverhampton	E08000031	Wolverhampton	GBR	metropolitan district
51.468436014615854, -0.3662050992586038	2021	E92000001	England	E12000007	London	E09000018	Hounslow	E09000018	Hounslow	GBR	London borough
51.52687667372379, 0.03756075009845513	2021	E92000001	England	E12000007	London	E09000025	Newham	E09000025	Newham	GBR	London borough
51.515831343233906, -0.03471813490777752	2021	E92000001	England	E12000007	London	E09000030	Tower Hamlets	E09000030	Tower Hamlets	GBR	London borough
55.847813377093864, -4.542767032899663	2021	S92000003	Scotland	S92000003	Scotland	S12000038	Renfrewshire	S12000038	Renfrewshire	GBR	council area
55.857942860728755, -4.253294361937187	2021	S92000003	Scotland	S92000003	Scotland	S12000049	Glasgow City	S12000049	Glasgow City	GBR	council area
51.89962897246348, -4.1626521757738155	2021	W92000004	Wales	W92000004	Wales	W06000010	Carmarthenshire	W06000010	Carmarthenshire	GBR	unitary authority
52.660762548382515, -0.6546598895156466	2021	E92000001	England	E12000004	East Midlands	E06000017	Rutland	E06000017	Rutland	GBR	unitary authority
50.391821551554244, -4.119931561216702	2021	E92000001	England	E12000009	South West	E06000026	Plymouth	E06000026	Plymouth	GBR	unitary authority
50.606338247668766, -3.656735117014665	2021	E92000001	England	E12000009	South West	E10000008	Devon	E07000045	Teignbridge	GBR	non-metropolitan district
51.94190428279714, 0.589885551496388	2021	E92000001	England	E12000006	East of England	E10000012	Essex	E07000067	Braintree	GBR	non-metropolitan district
51.273461806290705, -1.2009977108958942	2021	E92000001	England	E12000008	South East	E10000014	Hampshire	E07000084	Basingstoke and Deane	GBR	non-metropolitan district
50.85849359082593, -1.6249374049279734	2021	E92000001	England	E12000008	South East	E10000014	Hampshire	E07000091	New Forest	GBR	non-metropolitan district
52.726997740336145, 0.47088772957278835	2021	E92000001	England	E12000006	East of England	E10000020	Norfolk	E07000146	King's Lynn and West Norfolk	GBR	non-metropolitan district
53.78714309619837, -1.1347698494118397	2021	E92000001	England	E12000003	Yorkshire and The Humber	E10000023	North Yorkshire	E07000169	Selby	GBR	non-metropolitan district
53.578624737372536, -2.466879499224428	2021	E92000001	England	E12000002	North West	E08000001	Bolton	E08000001	Bolton	GBR	metropolitan district
53.47745647809982, -2.062888203202613	2021	E92000001	England	E12000002	North West	E08000008	Tameside	E08000008	Tameside	GBR	metropolitan district
53.45952748810278, -2.7236281031153293	2021	E92000001	England	E12000002	North West	E08000013	St. Helens	E08000013	St. Helens	GBR	metropolitan district
51.54842849694986, -0.11027369033104074	2021	E92000001	England	E12000007	London	E09000019	Islington	E09000019	Islington	GBR	London borough
55.06012937892769, -6.591755633265211	2021	N92000002	Northern Ireland	N92000002	Northern Ireland	N09000004	Causeway Coast and Glens	N09000004	Causeway Coast and Glens	GBR	local government district
55.88499031139148, -3.5737295125915236	2021	S92000003	Scotland	S92000003	Scotland	S12000040	West Lothian	S12000040	West Lothian	GBR	council area
56.56579080807646, -3.8195503796864125	2021	S92000003	Scotland	S92000003	Scotland	S12000048	Perth and Kinross	S12000048	Perth and Kinross	GBR	council area
51.50841035421288, -3.1995551226780243	2021	W92000004	Wales	W92000004	Wales	W06000015	Cardiff	W06000015	Cardiff	GBR	unitary authority
50.82047286016939, -1.0783664104407367	2021	E92000001	England	E12000008	South East	E06000044	Portsmouth	E06000044	Portsmouth	GBR	unitary authority
54.4140674490748, -3.3733761878986597	2021	E92000001	England	E12000002	North West	E10000006	Cumbria	E07000029	Copeland	GBR	non-metropolitan district
51.59013850138313, 0.4662650717638934	2021	E92000001	England	E12000006	East of England	E10000012	Essex	E07000066	Basildon	GBR	non-metropolitan district
51.536429509941684, 0.5945494886788211	2021	E92000001	England	E12000006	East of England	E10000012	Essex	E07000069	Castle Point	GBR	non-metropolitan district
51.872577417986676, 0.8609125412974152	2021	E92000001	England	E12000006	East of England	E10000012	Essex	E07000071	Colchester	GBR	non-metropolitan district
53.865526863263256, -2.1848492059286975	2021	E92000001	England	E12000002	North West	E10000017	Lancashire	E07000122	Pendle	GBR	non-metropolitan district
54.2870580009782, -1.3192412104787665	2021	E92000001	England	E12000003	Yorkshire and The Humber	E10000023	North Yorkshire	E07000164	Hambleton	GBR	non-metropolitan district
52.36175422706188, -2.01610913946742	2021	E92000001	England	E12000005	West Midlands	E10000034	Worcestershire	E07000234	Bromsgrove	GBR	non-metropolitan district
53.48950729946911, -2.3701432927324486	2021	E92000001	England	E12000002	North West	E08000006	Salford	E08000006	Salford	GBR	metropolitan district
55.00766170242433, -1.657812510014613	2021	E92000001	England	E12000001	North East	E08000021	Newcastle upon Tyne	E08000021	Newcastle upon Tyne	GBR	metropolitan district
51.514296454587004, -0.09242335998428383	2021	E92000001	England	E12000007	London	E09000001	City of London	E09000001	City of London	GBR	London borough
51.597697723537216, -0.34125794213802285	2021	E92000001	England	E12000007	London	E09000015	Harrow	E09000015	Harrow	GBR	London borough
54.82046846580824, -7.360420756966406	2021	N92000002	Northern Ireland	N92000002	Northern Ireland	N09000005	Derry City and Strabane	N09000005	Derry City and Strabane	GBR	local government district
52.7302335921327, -2.4887434789817737	2021	E92000001	England	E12000005	West Midlands	E06000020	Telford and Wrekin	E06000020	Telford and Wrekin	GBR	unitary authority
52.189190672595956, -0.477102414692314	2021	E92000001	England	E12000006	East of England	E06000055	Bedford	E06000055	Bedford	GBR	unitary authority
50.374019625724486, -3.823042187787477	2021	E92000001	England	E12000009	South West	E10000008	Devon	E07000044	South Hams	GBR	non-metropolitan district
51.66099154179849, -0.46052963093203747	2021	E92000001	England	E12000006	East of England	E10000015	Hertfordshire	E07000102	Three Rivers	GBR	non-metropolitan district
51.212368181025035, 1.2892090551547517	2021	E92000001	England	E12000008	South East	E10000016	Kent	E07000108	Dover	GBR	non-metropolitan district
53.2496332736712, 0.03024527343164146	2021	E92000001	England	E12000004	East Midlands	E10000019	Lincolnshire	E07000137	East Lindsey	GBR	non-metropolitan district
52.640782810938084, 1.661360266581992	2021	E92000001	England	E12000006	East of England	E10000020	Norfolk	E07000145	Great Yarmouth	GBR	non-metropolitan district
52.84818147117882, -2.1764670856490578	2021	E92000001	England	E12000005	West Midlands	E10000028	Staffordshire	E07000197	Stafford	GBR	non-metropolitan district
51.77205689850462, -0.342431835747425	2021	E92000001	England	E12000006	East of England	E10000015	Hertfordshire	E07000240	St Albans	GBR	non-metropolitan district
53.39550820905511, -2.9170266235885056	2021	E92000001	England	E12000002	North West	E08000012	Liverpool	E08000012	Liverpool	GBR	metropolitan district
55.02797026736611, -1.5174103854288616	2021	E92000001	England	E12000001	North East	E08000022	North Tyneside	E08000022	North Tyneside	GBR	metropolitan district
51.46090305402675, 0.14244197317860421	2021	E92000001	England	E12000007	London	E09000004	Bexley	E09000004	Bexley	GBR	London borough
51.55856513767189, -0.2678001933044336	2021	E92000001	England	E12000007	London	E09000005	Brent	E09000005	Brent	GBR	London borough
51.55225963637162, -0.06339832691445801	2021	E92000001	England	E12000007	London	E09000012	Hackney	E09000012	Hackney	GBR	London borough
51.65327422401968, -3.2049555244091277	2021	W92000004	Wales	W92000004	Wales	W06000018	Caerphilly	W06000018	Caerphilly	GBR	unitary authority
53.69265664368824, -2.467595443392914	2021	E92000001	England	E12000002	North West	E06000008	Blackburn with Darwen	E06000008	Blackburn with Darwen	GBR	unitary authority
52.63798709352574, -1.1283717205633805	2021	E92000001	England	E12000004	East Midlands	E06000016	Leicester	E06000016	Leicester	GBR	unitary authority
50.869353777839954, 0.5704178653594816	2021	E92000001	England	E12000008	South East	E10000011	East Sussex	E07000062	Hastings	GBR	non-metropolitan district
52.58814492817989, 0.8372621007190539	2021	E92000001	England	E12000006	East of England	E10000020	Norfolk	E07000143	Breckland	GBR	non-metropolitan district
51.424829325595866, -0.46792300925477864	2021	E92000001	England	E12000008	South East	E10000030	Surrey	E07000213	Spelthorne	GBR	non-metropolitan district
51.865084908706635, -0.008238619929326532	2021	E92000001	England	E12000006	East of England	E10000015	Hertfordshire	E07000242	East Hertfordshire	GBR	non-metropolitan district
53.551840333370095, -2.050671773969223	2021	E92000001	England	E12000002	North West	E08000004	Oldham	E08000004	Oldham	GBR	metropolitan district
51.54640181291524, -0.15743553772236818	2021	E92000001	England	E12000007	London	E09000007	Camden	E09000007	Camden	GBR	London borough
51.651002700417436, -0.08723343563017223	2021	E92000001	England	E12000007	London	E09000010	Enfield	E09000010	Enfield	GBR	London borough
51.47440752907013, 0.05554364310065508	2021	E92000001	England	E12000007	London	E09000011	Greenwich	E09000011	Greenwich	GBR	London borough
53.86811009582895, -0.48248937627855537	2021	E92000001	England	E12000003	Yorkshire and The Humber	E06000011	East Riding of Yorkshire	E06000011	East Riding of Yorkshire	GBR	unitary authority
52.00666656585489, -0.4359968177271411	2021	E92000001	England	E12000006	East of England	E06000056	Central Bedfordshire	E06000056	Central Bedfordshire	GBR	unitary authority
52.17284332452008, 0.08123326411571319	2021	E92000001	England	E12000006	East of England	E10000003	Cambridgeshire	E07000012	South Cambridgeshire	GBR	non-metropolitan district
51.871299280341766, 1.1150395286884924	2021	E92000001	England	E12000006	East of England	E10000012	Essex	E07000076	Tendring	GBR	non-metropolitan district
51.074642259860966, -0.9550349182526661	2021	E92000001	England	E12000008	South East	E10000014	Hampshire	E07000085	East Hampshire	GBR	non-metropolitan district
51.405145836817596, 0.394977766897196	2021	E92000001	England	E12000008	South East	E10000016	Kent	E07000109	Gravesham	GBR	non-metropolitan district
52.571554693551164, -1.2218997338951292	2021	E92000001	England	E12000004	East Midlands	E10000018	Leicestershire	E07000129	Blaby	GBR	non-metropolitan district
54.880396337535856, -1.4519889799520738	2021	E92000001	England	E12000001	North East	E08000024	Sunderland	E08000024	Sunderland	GBR	metropolitan district
52.599242695864426, -1.9662558085611634	2021	E92000001	England	E12000005	West Midlands	E08000030	Walsall	E08000030	Walsall	GBR	metropolitan district
57.57909986835651, -4.761091971797037	2021	S92000003	Scotland	S92000003	Scotland	S12000017	Highland	S12000017	Highland	GBR	council area
54.56273273812975, -1.3289194630153993	2021	E92000001	England	E12000001	North East	E06000004	Stockton-on-Tees	E06000004	Stockton-on-Tees	GBR	unitary authority
51.45292333007584, -0.983810081411181	2021	E92000001	England	E12000008	South East	E06000038	Reading	E06000038	Reading	GBR	unitary authority
53.22589964482026, -1.4482612275218143	2021	E92000001	England	E12000004	East Midlands	E10000007	Derbyshire	E07000038	North East Derbyshire	GBR	non-metropolitan district
51.069816147466895, -3.9147745593285324	2021	E92000001	England	E12000009	South West	E10000008	Devon	E07000043	North Devon	GBR	non-metropolitan district
50.9675469263229, 0.19848998480334618	2021	E92000001	England	E12000008	South East	E10000011	East Sussex	E07000065	Wealden	GBR	non-metropolitan district
50.85266123919123, -1.2246093993072982	2021	E92000001	England	E12000008	South East	E10000014	Hampshire	E07000087	Fareham	GBR	non-metropolitan district
50.83835285969237, -0.9893821003014122	2021	E92000001	England	E12000008	South East	E10000014	Hampshire	E07000090	Havant	GBR	non-metropolitan district
53.81185402094453, -2.697639410726272	2021	E92000001	England	E12000002	North West	E10000017	Lancashire	E07000123	Preston	GBR	non-metropolitan district
52.70117470528018, 1.3102234614461354	2021	E92000001	England	E12000006	East of England	E10000020	Norfolk	E07000144	Broadland	GBR	non-metropolitan district
53.07937325720281, -1.9813007637337228	2021	E92000001	England	E12000005	West Midlands	E10000028	Staffordshire	E07000198	Staffordshire Moorlands	GBR	non-metropolitan district
50.82916307186753, -0.3958221270918676	2021	E92000001	England	E12000008	South East	E10000032	West Sussex	E07000229	Worthing	GBR	non-metropolitan district
52.16429513858699, -2.051113509718715	2021	E92000001	England	E12000005	West Midlands	E10000034	Worcestershire	E07000238	Wychavon	GBR	non-metropolitan district
53.8447074589647, -1.8547512005249571	2021	E92000001	England	E12000003	Yorkshire and The Humber	E08000032	Bradford	E08000032	Bradford	GBR	metropolitan district
53.82572975395737, -1.506072929861267	2021	E92000001	England	E12000003	Yorkshire and The Humber	E08000035	Leeds	E08000035	Leeds	GBR	metropolitan district
51.555875016416536, -3.600292519623411	2021	W92000004	Wales	W92000004	Wales	W06000013	Bridgend	W06000013	Bridgend	GBR	unitary authority
51.698648248918126, -3.053529069460595	2021	W92000004	Wales	W92000004	Wales	W06000020	Torfaen	W06000020	Torfaen	GBR	unitary authority
54.54870572278648, -1.5526697571459036	2021	E92000001	England	E12000001	North East	E06000005	Darlington	E06000005	Darlington	GBR	unitary authority
53.398807843800746, -2.5636231171163155	2021	E92000001	England	E12000002	North West	E06000007	Warrington	E06000007	Warrington	GBR	unitary authority
53.18040465889302, -2.3493363564747276	2021	E92000001	England	E12000002	North West	E06000049	Cheshire East	E06000049	Cheshire East	GBR	unitary authority
50.4059808007189, -4.824690652515266	2021	E92000001	England	E12000009	South West	E06000052	Cornwall	E06000052	Cornwall	GBR	unitary authority
54.71137460396232, -3.247244548330449	2021	E92000001	England	E12000002	North West	E10000006	Cumbria	E07000026	Allerdale	GBR	non-metropolitan district
50.882192742209746, 0.004955026663360575	2021	E92000001	England	E12000008	South East	E10000011	East Sussex	E07000063	Lewes	GBR	non-metropolitan district
53.22476752699167, -0.5549164200516026	2021	E92000001	England	E12000004	East Midlands	E10000019	Lincolnshire	E07000138	Lincoln	GBR	non-metropolitan district
54.93536822305, -1.6828624138673545	2021	E92000001	England	E12000001	North East	E08000037	Gateshead	E08000037	Gateshead	GBR	metropolitan district
60.39645414761122, -1.2526047421860622	2021	S92000003	Scotland	S92000003	Scotland	S12000027	Shetland Islands	S12000027	Shetland Islands	GBR	council area
52.256046151958195, -4.072219548457175	2021	W92000004	Wales	W92000004	Wales	W06000008	Ceredigion	W06000008	Ceredigion	GBR	unitary authority
54.29269577247343, -2.849963379336012	2021	E92000001	England	E12000002	North West	E10000006	Cumbria	E07000031	South Lakeland	GBR	non-metropolitan district
51.725446375744546, 0.480844435023964	2021	E92000001	England	E12000006	East of England	E10000012	Essex	E07000070	Chelmsford	GBR	non-metropolitan district
51.93471841573042, 0.2796672409906258	2021	E92000001	England	E12000006	East of England	E10000012	Essex	E07000077	Uttlesford	GBR	non-metropolitan district
51.27358589738311, 0.357874738434744	2021	E92000001	England	E12000008	South East	E10000016	Kent	E07000115	Tonbridge and Malling	GBR	non-metropolitan district
53.661472915941644, -2.6478994849870117	2021	E92000001	England	E12000002	North West	E10000017	Lancashire	E07000118	Chorley	GBR	non-metropolitan district
53.75871061692378, -2.3897708919108442	2021	E92000001	England	E12000002	North West	E10000017	Lancashire	E07000120	Hyndburn	GBR	non-metropolitan district
54.0799096083958, -2.1745788270886584	2021	E92000001	England	E12000003	Yorkshire and The Humber	E10000023	North Yorkshire	E07000163	Craven	GBR	non-metropolitan district
54.36657879761998, -0.6357397959526607	2021	E92000001	England	E12000003	Yorkshire and The Humber	E10000023	North Yorkshire	E07000168	Scarborough	GBR	non-metropolitan district
51.63420469582991, -1.4415392815260493	2021	E92000001	England	E12000008	South East	E10000025	Oxfordshire	E07000180	Vale of White Horse	GBR	non-metropolitan district
51.14981617165073, -0.6326759753689736	2021	E92000001	England	E12000008	South East	E10000030	Surrey	E07000216	Waverley	GBR	non-metropolitan district
52.50119471069185, -1.4758302812513808	2021	E92000001	England	E12000005	West Midlands	E10000031	Warwickshire	E07000219	Nuneaton and Bedworth	GBR	non-metropolitan district
50.844446985755155, -0.2986182178065995	2021	E92000001	England	E12000008	South East	E10000032	West Sussex	E07000223	Adur	GBR	non-metropolitan district
51.02088101917596, -0.12700062915114507	2021	E92000001	England	E12000008	South East	E10000032	West Sussex	E07000228	Mid Sussex	GBR	non-metropolitan district
51.590350543021266, -0.10751944451812089	2021	E92000001	England	E12000007	London	E09000014	Haringey	E09000014	Haringey	GBR	London borough
51.36212098296197, -0.17752552793944262	2021	E92000001	England	E12000007	London	E09000029	Sutton	E09000029	Sutton	GBR	London borough
59.02950128266275, -3.035434828138875	2021	S92000003	Scotland	S92000003	Scotland	S12000023	Orkney Islands	S12000023	Orkney Islands	GBR	council area
55.576467292825356, -2.787718461601841	2021	S92000003	Scotland	S92000003	Scotland	S12000026	Scottish Borders	S12000026	Scottish Borders	GBR	council area
51.74102897631308, -3.3611559355993412	2021	W92000004	Wales	W92000004	Wales	W06000024	Merthyr Tydfil	W06000024	Merthyr Tydfil	GBR	unitary authority